from,to
2019013_56,2019073_56
2019013_55,2019073_55
2019013_54,2019073_54
2019013_50,2019073_50
2019013_46,2019073_46
2019013_45,2019073_45
2019013_44,2019073_44
2019013_43,2019073_43
2019013_31,2019073_31
2019012_860,2019072_860
2019012_787,2019072_787
2019012_715,2019072_715
2019012_714,2019072_714
2019012_66,2019072_66
2019012_506,2019072_506
2019012_501,2019072_501
2019012_500,2019072_500
2019012_454,2019072_454
2019012_452,2019072_452
2019012_451,2019072_451
2019012_430,2019072_430
2019012_428,2019072_428
2019012_358,2019072_358
2019012_3213,2019072_3213
2019012_3212,2019072_3212
2019012_3211,2019072_3211
2019012_3210,2019072_3210
2019012_3206,2019072_3206
2019012_3205,2019072_3205
2019012_3199,2019072_3199
2019012_3191,2019072_3191
2019012_3190,2019072_3190
2019012_3189,2019072_3189
2019012_3186,2019072_3186
2019012_3184,2019072_3184
2019012_3182,2019072_3182
2019012_3147,2019072_3147
2019012_3142,2019072_3142
2019012_3138,2019072_3138
2019012_3137,2019072_3137
2019012_3136,2019072_3136
2019012_3119,2019072_3119
2019012_3114,2019072_3114
2019012_3111,2019072_3111
2019012_3066,2019072_3066
2019012_3065,2019072_3065
2019012_3064,2019072_3064
2019012_3062,2019072_3062
2019012_3043,2019072_3043
2019012_3042,2019072_3042
2019012_3040,2019072_3040
2019012_2990,2019072_2990
2019012_2968,2019072_2968
2019012_2963,2019072_2963
2019012_2923,2019072_2923
2019012_2907,2019072_2907
2019012_2906,2019072_2906
2019012_2903,2019072_2903
2019012_2901,2019072_2901
2019012_2900,2019072_2900
2019012_2896,2019072_2896
2019012_2895,2019072_2895
2019012_2891,2019072_2891
2019012_286,2019072_286
2019012_282,2019072_282
2019012_2819,2019072_2819
2019012_2809,2019072_2809
2019012_2739,2019072_2739
2019012_260,2019072_260
2019012_208,2019072_208
2019012_192,2019072_192
2019012_114,2019072_114
2019011_693,2019071_693
2019011_692,2019071_692
2019011_621,2019071_621
2019011_494,2019071_494
2019011_493,2019071_493
2019011_422,2019071_422
2019011_421,2019071_421
2019011_420,2019071_420
2019011_2948,2019071_2948
2019011_2876,2019071_2876
2019011_2862,2019071_2862
2019011_2856,2019071_2856
2019011_2855,2019071_2855
2018013_9,2018073_9
2018013_81,2018073_81
2018013_74,2018073_74
2018013_55,2018073_55
2018013_5,2018073_5
2018013_48,2018073_48
2018013_46,2018073_46
2018013_45,2018073_45
2018013_44,2018073_44
2018013_43,2018073_43
2018013_42,2018073_42
2018013_4,2018073_4
2018013_36,2018073_36
2018013_3,2018073_3
2018013_24,2018073_24
2018013_23,2018073_23
2018013_16,2018073_16
2018013_15,2018073_15
2018013_10,2018073_10
2018012_645,2018072_645
2018012_431,2018072_431
2018012_359,2018072_359
2018012_358,2018072_358
2018012_352,2018072_352
2018012_2968,2018072_2968
2018012_2895,2018072_2895
2018011_692,2018071_692
2018011_691,2018071_691
2018011_625,2018071_625
2018011_621,2018071_621
2018011_554,2018071_554
2018011_553,2018071_553
2018011_499,2018071_499
2018011_498,2018071_498
2018011_495,2018071_495
2018011_488,2018071_488
2018011_487,2018071_487
2018011_486,2018071_486
2018011_423,2018071_423
2018011_422,2018071_422
2018011_421,2018071_421
2018011_418,2018071_418
2018011_416,2018071_416
2018011_415,2018071_415
2018011_36,2018071_36
2018011_339,2018071_339
2018011_338,2018071_338
2018011_2408,2018071_2408
2018011_127,2018071_127
2018011_1113,2018071_1113
2017013_69,2017073_69
2017013_61,2017073_61
2017013_58,2017073_58
2017013_57,2017073_57
2017013_50,2017073_50
2017013_45,2017073_45
2017013_43,2017073_43
2017013_40,2017073_40
2017013_37,2017073_37
2017013_32,2017073_32
2017012_787,2017072_787
2017012_714,2017072_714
2017012_645,2017072_645
2017012_52,2017072_52
2017012_500,2017072_500
2017012_428,2017072_428
2017012_427,2017072_427
2017012_425,2017072_425
2017012_424,2017072_424
2017012_353,2017072_353
2017012_352,2017072_352
2017012_3264,2017072_3264
2017012_3218,2017072_3218
2017012_3208,2017072_3208
2017012_3205,2017072_3205
2017012_3200,2017072_3200
2017012_3192,2017072_3192
2017012_3189,2017072_3189
2017012_3140,2017072_3140
2017012_3139,2017072_3139
2017012_3138,2017072_3138
2017012_3137,2017072_3137
2017012_3135,2017072_3135
2017012_3134,2017072_3134
2017012_3117,2017072_3117
2017012_3075,2017072_3075
2017012_307,2017072_307
2017012_3062,2017072_3062
2017012_2997,2017072_2997
2017012_2994,2017072_2994
2017012_2990,2017072_2990
2017012_2989,2017072_2989
2017012_2924,2017072_2924
2017012_2923,2017072_2923
2017012_284,2017072_284
2017012_282,2017072_282
2017012_2776,2017072_2776
2017012_277,2017072_277
2017012_199,2017072_199
2017012_1006,2017072_1006
2016013_81,2016073_81
2016013_78,2016073_78
2016013_76,2016073_76
2016013_70,2016073_70
2016013_69,2016073_69
2016013_68,2016073_68
2016013_64,2016073_64
2016013_63,2016073_63
2016013_62,2016073_62
2016013_61,2016073_61
2016013_60,2016073_60
2016013_58,2016073_58
2016013_57,2016073_57
2016013_56,2016073_56
2016013_55,2016073_55
2016013_54,2016073_54
2016013_51,2016073_51
2016013_50,2016073_50
2016013_48,2016073_48
2016013_46,2016073_46
2016013_45,2016073_45
2016013_40,2016073_40
2016013_39,2016073_39
2016013_37,2016073_37
2016013_23,2016073_23
2016013_20,2016073_20
2016013_19,2016073_19
2016013_18,2016073_18
2016012_935,2016072_935
2016012_934,2016072_934
2016012_933,2016072_933
2016012_860,2016072_860
2016012_797,2016072_797
2016012_788,2016072_788
2016012_787,2016072_787
2016012_740,2016072_740
2016012_718,2016072_718
2016012_717,2016072_717
2016012_715,2016072_715
2016012_649,2016072_649
2016012_648,2016072_648
2016012_597,2016072_597
2016012_596,2016072_596
2016012_585,2016072_585
2016012_566,2016072_566
2016012_526,2016072_526
2016012_525,2016072_525
2016012_524,2016072_524
2016012_523,2016072_523
2016012_522,2016072_522
2016012_521,2016072_521
2016012_516,2016072_516
2016012_514,2016072_514
2016012_502,2016072_502
2016012_501,2016072_501
2016012_454,2016072_454
2016012_452,2016072_452
2016012_451,2016072_451
2016012_449,2016072_449
2016012_446,2016072_446
2016012_439,2016072_439
2016012_433,2016072_433
2016012_432,2016072_432
2016012_382,2016072_382
2016012_377,2016072_377
2016012_359,2016072_359
2016012_3065,2016072_3065
2016012_2995,2016072_2995
2016012_231,2016072_231
2016012_200,2016072_200
2016012_1007,2016072_1007
2016012_1006,2016072_1006
2016011_848,2016071_848
2016011_777,2016071_777
2016011_776,2016071_776
2016011_765,2016071_765
2016011_713,2016071_713
2016011_709,2016071_709
2016011_708,2016071_708
2016011_705,2016071_705
2016011_693,2016071_693
2016011_692,2016071_692
2016011_65,2016071_65
2016011_621,2016071_621
2016011_571,2016071_571
2016011_568,2016071_568
2016011_566,2016071_566
2016011_565,2016071_565
2016011_535,2016071_535
2016011_499,2016071_499
2016011_498,2016071_498
2016011_497,2016071_497
2016011_493,2016071_493
2016011_426,2016071_426
2016011_425,2016071_425
2016011_424,2016071_424
2016011_423,2016071_423
2016011_422,2016071_422
2016011_421,2016071_421
2016011_420,2016071_420
2016011_419,2016071_419
2016011_418,2016071_418
2016011_417,2016071_417
2016011_400,2016071_400
2016011_350,2016071_350
2016011_2759,2016071_2759
2016011_275,2016071_275
2016011_258,2016071_258
2016011_1766,2016071_1766
2016011_127,2016071_127
2015013_88,2015073_88
2015013_87,2015073_87
2015013_86,2015073_86
2015013_81,2015073_81
2015013_80,2015073_80
2015013_78,2015073_78
2015013_76,2015073_76
2015013_75,2015073_75
2015013_74,2015073_74
2015013_73,2015073_73
2015013_70,2015073_70
2015013_69,2015073_69
2015013_68,2015073_68
2015013_67,2015073_67
2015013_64,2015073_64
2015013_63,2015073_63
2015013_62,2015073_62
2015013_61,2015073_61
2015013_60,2015073_60
2015013_58,2015073_58
2015013_57,2015073_57
2015013_56,2015073_56
2015013_55,2015073_55
2015013_54,2015073_54
2015013_52,2015073_52
2015013_51,2015073_51
2015013_50,2015073_50
2015013_49,2015073_49
2015013_48,2015073_48
2015013_46,2015073_46
2015013_45,2015073_45
2015013_44,2015073_44
2015013_43,2015073_43
2015013_42,2015073_42
2015013_40,2015073_40
2015013_4,2015073_4
2015013_39,2015073_39
2015013_38,2015073_38
2015013_37,2015073_37
2015013_36,2015073_36
2015013_34,2015073_34
2015013_33,2015073_33
2015013_32,2015073_32
2015013_31,2015073_31
2015013_30,2015073_30
2015013_28,2015073_28
2015013_25,2015073_25
2015013_24,2015073_24
2015013_22,2015073_22
2015013_21,2015073_21
2015013_20,2015073_20
2015013_19,2015073_19
2015013_18,2015073_18
2015013_17,2015073_17
2015013_16,2015073_16
2015013_15,2015073_15
2015013_14,2015073_14
2015013_10,2015073_10
2015012_950,2015072_950
2015012_935,2015072_935
2015012_934,2015072_934
2015012_933,2015072_933
2015012_884,2015072_884
2015012_874,2015072_874
2015012_873,2015072_873
2015012_872,2015072_872
2015012_871,2015072_871
2015012_870,2015072_870
2015012_869,2015072_869
2015012_862,2015072_862
2015012_861,2015072_861
2015012_860,2015072_860
2015012_859,2015072_859
2015012_813,2015072_813
2015012_812,2015072_812
2015012_811,2015072_811
2015012_803,2015072_803
2015012_801,2015072_801
2015012_800,2015072_800
2015012_8,2015072_8
2015012_798,2015072_798
2015012_797,2015072_797
2015012_793,2015072_793
2015012_790,2015072_790
2015012_788,2015072_788
2015012_787,2015072_787
2015012_786,2015072_786
2015012_785,2015072_785
2015012_733,2015072_733
2015012_732,2015072_732
2015012_728,2015072_728
2015012_727,2015072_727
2015012_726,2015072_726
2015012_725,2015072_725
2015012_723,2015072_723
2015012_722,2015072_722
2015012_718,2015072_718
2015012_717,2015072_717
2015012_716,2015072_716
2015012_715,2015072_715
2015012_714,2015072_714
2015012_713,2015072_713
2015012_712,2015072_712
2015012_668,2015072_668
2015012_667,2015072_667
2015012_660,2015072_660
2015012_66,2015072_66
2015012_658,2015072_658
2015012_657,2015072_657
2015012_654,2015072_654
2015012_653,2015072_653
2015012_652,2015072_652
2015012_651,2015072_651
2015012_65,2015072_65
2015012_649,2015072_649
2015012_647,2015072_647
2015012_646,2015072_646
2015012_645,2015072_645
2015012_644,2015072_644
2015012_643,2015072_643
2015012_642,2015072_642
2015012_641,2015072_641
2015012_640,2015072_640
2015012_64,2015072_64
2015012_639,2015072_639
2015012_636,2015072_636
2015012_63,2015072_63
2015012_61,2015072_61
2015012_60,2015072_60
2015012_597,2015072_597
2015012_596,2015072_596
2015012_595,2015072_595
2015012_594,2015072_594
2015012_592,2015072_592
2015012_590,2015072_590
2015012_588,2015072_588
2015012_587,2015072_587
2015012_586,2015072_586
2015012_585,2015072_585
2015012_584,2015072_584
2015012_583,2015072_583
2015012_582,2015072_582
2015012_581,2015072_581
2015012_580,2015072_580
2015012_58,2015072_58
2015012_579,2015072_579
2015012_578,2015072_578
2015012_577,2015072_577
2015012_576,2015072_576
2015012_574,2015072_574
2015012_573,2015072_573
2015012_572,2015072_572
2015012_571,2015072_571
2015012_570,2015072_570
2015012_57,2015072_57
2015012_569,2015072_569
2015012_568,2015072_568
2015012_567,2015072_567
2015012_566,2015072_566
2015012_565,2015072_565
2015012_564,2015072_564
2015012_56,2015072_56
2015012_55,2015072_55
2015012_53,2015072_53
2015012_527,2015072_527
2015012_526,2015072_526
2015012_525,2015072_525
2015012_524,2015072_524
2015012_523,2015072_523
2015012_522,2015072_522
2015012_521,2015072_521
2015012_520,2015072_520
2015012_52,2015072_52
2015012_518,2015072_518
2015012_517,2015072_517
2015012_516,2015072_516
2015012_515,2015072_515
2015012_514,2015072_514
2015012_512,2015072_512
2015012_511,2015072_511
2015012_510,2015072_510
2015012_51,2015072_51
2015012_508,2015072_508
2015012_507,2015072_507
2015012_506,2015072_506
2015012_505,2015072_505
2015012_503,2015072_503
2015012_502,2015072_502
2015012_501,2015072_501
2015012_500,2015072_500
2015012_50,2015072_50
2015012_499,2015072_499
2015012_498,2015072_498
2015012_497,2015072_497
2015012_496,2015072_496
2015012_495,2015072_495
2015012_494,2015072_494
2015012_493,2015072_493
2015012_492,2015072_492
2015012_48,2015072_48
2015012_455,2015072_455
2015012_454,2015072_454
2015012_453,2015072_453
2015012_452,2015072_452
2015012_451,2015072_451
2015012_450,2015072_450
2015012_449,2015072_449
2015012_446,2015072_446
2015012_444,2015072_444
2015012_442,2015072_442
2015012_440,2015072_440
2015012_439,2015072_439
2015012_433,2015072_433
2015012_432,2015072_432
2015012_431,2015072_431
2015012_430,2015072_430
2015012_429,2015072_429
2015012_428,2015072_428
2015012_427,2015072_427
2015012_426,2015072_426
2015012_425,2015072_425
2015012_424,2015072_424
2015012_423,2015072_423
2015012_422,2015072_422
2015012_421,2015072_421
2015012_384,2015072_384
2015012_383,2015072_383
2015012_382,2015072_382
2015012_381,2015072_381
2015012_377,2015072_377
2015012_376,2015072_376
2015012_375,2015072_375
2015012_359,2015072_359
2015012_358,2015072_358
2015012_357,2015072_357
2015012_356,2015072_356
2015012_355,2015072_355
2015012_354,2015072_354
2015012_353,2015072_353
2015012_352,2015072_352
2015012_349,2015072_349
2015012_347,2015072_347
2015012_339,2015072_339
2015012_338,2015072_338
2015012_326,2015072_326
2015012_3221,2015072_3221
2015012_3220,2015072_3220
2015012_3219,2015072_3219
2015012_3217,2015072_3217
2015012_3213,2015072_3213
2015012_3210,2015072_3210
2015012_3208,2015072_3208
2015012_3207,2015072_3207
2015012_3205,2015072_3205
2015012_3192,2015072_3192
2015012_3191,2015072_3191
2015012_3190,2015072_3190
2015012_3189,2015072_3189
2015012_3184,2015072_3184
2015012_3148,2015072_3148
2015012_3147,2015072_3147
2015012_3146,2015072_3146
2015012_3144,2015072_3144
2015012_3143,2015072_3143
2015012_3141,2015072_3141
2015012_3140,2015072_3140
2015012_3139,2015072_3139
2015012_3138,2015072_3138
2015012_3135,2015072_3135
2015012_3119,2015072_3119
2015012_3117,2015072_3117
2015012_3115,2015072_3115
2015012_309,2015072_309
2015012_3075,2015072_3075
2015012_3071,2015072_3071
2015012_3070,2015072_3070
2015012_307,2015072_307
2015012_3069,2015072_3069
2015012_3068,2015072_3068
2015012_3067,2015072_3067
2015012_3066,2015072_3066
2015012_3065,2015072_3065
2015012_3064,2015072_3064
2015012_3063,2015072_3063
2015012_3050,2015072_3050
2015012_3049,2015072_3049
2015012_3046,2015072_3046
2015012_3045,2015072_3045
2015012_3044,2015072_3044
2015012_304,2015072_304
2015012_2997,2015072_2997
2015012_2996,2015072_2996
2015012_2995,2015072_2995
2015012_2994,2015072_2994
2015012_2993,2015072_2993
2015012_2992,2015072_2992
2015012_2991,2015072_2991
2015012_2990,2015072_2990
2015012_2988,2015072_2988
2015012_2978,2015072_2978
2015012_2977,2015072_2977
2015012_2975,2015072_2975
2015012_2971,2015072_2971
2015012_2924,2015072_2924
2015012_2923,2015072_2923
2015012_2922,2015072_2922
2015012_2920,2015072_2920
2015012_2918,2015072_2918
2015012_2917,2015072_2917
2015012_2916,2015072_2916
2015012_2915,2015072_2915
2015012_2908,2015072_2908
2015012_2906,2015072_2906
2015012_2905,2015072_2905
2015012_2903,2015072_2903
2015012_2899,2015072_2899
2015012_2896,2015072_2896
2015012_286,2015072_286
2015012_2851,2015072_2851
2015012_285,2015072_285
2015012_2848,2015072_2848
2015012_2846,2015072_2846
2015012_2840,2015072_2840
2015012_284,2015072_284
2015012_2832,2015072_2832
2015012_283,2015072_283
2015012_2827,2015072_2827
2015012_2826,2015072_2826
2015012_282,2015072_282
2015012_281,2015072_281
2015012_2809,2015072_2809
2015012_280,2015072_280
2015012_279,2015072_279
2015012_2769,2015072_2769
2015012_2760,2015072_2760
2015012_276,2015072_276
2015012_2759,2015072_2759
2015012_2754,2015072_2754
2015012_2750,2015072_2750
2015012_275,2015072_275
2015012_2749,2015072_2749
2015012_2739,2015072_2739
2015012_2738,2015072_2738
2015012_271,2015072_271
2015012_268,2015072_268
2015012_2676,2015072_2676
2015012_267,2015072_267
2015012_261,2015072_261
2015012_260,2015072_260
2015012_259,2015072_259
2015012_258,2015072_258
2015012_212,2015072_212
2015012_211,2015072_211
2015012_209,2015072_209
2015012_208,2015072_208
2015012_207,2015072_207
2015012_206,2015072_206
2015012_200,2015072_200
2015012_199,2015072_199
2015012_198,2015072_198
2015012_197,2015072_197
2015012_196,2015072_196
2015012_193,2015072_193
2015012_192,2015072_192
2015012_187,2015072_187
2015012_186,2015072_186
2015012_138,2015072_138
2015012_137,2015072_137
2015012_136,2015072_136
2015012_135,2015072_135
2015012_134,2015072_134
2015012_133,2015072_133
2015012_131,2015072_131
2015012_130,2015072_130
2015012_129,2015072_129
2015012_125,2015072_125
2015012_123,2015072_123
2015012_121,2015072_121
2015012_120,2015072_120
2015012_119,2015072_119
2015012_118,2015072_118
2015012_1007,2015072_1007
2015012_1006,2015072_1006
2015012_1005,2015072_1005
2015011_903,2015071_903
2015011_848,2015071_848
2015011_790,2015071_790
2015011_777,2015071_777
2015011_776,2015071_776
2015011_765,2015071_765
2015011_719,2015071_719
2015011_718,2015071_718
2015011_717,2015071_717
2015011_716,2015071_716
2015011_715,2015071_715
2015011_713,2015071_713
2015011_712,2015071_712
2015011_694,2015071_694
2015011_693,2015071_693
2015011_692,2015071_692
2015011_691,2015071_691
2015011_647,2015071_647
2015011_644,2015071_644
2015011_643,2015071_643
2015011_641,2015071_641
2015011_632,2015071_632
2015011_572,2015071_572
2015011_571,2015071_571
2015011_570,2015071_570
2015011_569,2015071_569
2015011_566,2015071_566
2015011_503,2015071_503
2015011_499,2015071_499
2015011_498,2015071_498
2015011_497,2015071_497
2015011_496,2015071_496
2015011_495,2015071_495
2015011_494,2015071_494
2015011_493,2015071_493
2015011_487,2015071_487
2015011_425,2015071_425
2015011_424,2015071_424
2015011_423,2015071_423
2015011_422,2015071_422
2015011_421,2015071_421
2015011_420,2015071_420
2015011_416,2015071_416
2015011_36,2015071_36
2015011_349,2015071_349
2015011_344,2015071_344
2015011_2928,2015071_2928
2015011_2879,2015071_2879
2015011_2878,2015071_2878
2015011_2877,2015071_2877
2015011_2856,2015071_2856
2015011_2119,2015071_2119
2015011_1620,2015071_1620
2015011_1619,2015071_1619
2015011_1548,2015071_1548
2015011_1547,2015071_1547
2015011_1300,2015071_1300
2014013_87,2014073_87
2014013_82,2014073_82
2014013_81,2014073_81
2014013_80,2014073_80
2014013_78,2014073_78
2014013_76,2014073_76
2014013_75,2014073_75
2014013_74,2014073_74
2014013_73,2014073_73
2014013_70,2014073_70
2014013_69,2014073_69
2014013_68,2014073_68
2014013_67,2014073_67
2014013_64,2014073_64
2014013_63,2014073_63
2014013_62,2014073_62
2014013_61,2014073_61
2014013_60,2014073_60
2014013_59,2014073_59
2014013_58,2014073_58
2014013_57,2014073_57
2014013_56,2014073_56
2014013_55,2014073_55
2014013_54,2014073_54
2014013_52,2014073_52
2014013_51,2014073_51
2014013_49,2014073_49
2014013_48,2014073_48
2014013_45,2014073_45
2014013_44,2014073_44
2014013_43,2014073_43
2014013_42,2014073_42
2014013_40,2014073_40
2014013_39,2014073_39
2014013_38,2014073_38
2014013_37,2014073_37
2014013_36,2014073_36
2014013_30,2014073_30
2014013_26,2014073_26
2014013_25,2014073_25
2014013_24,2014073_24
2014013_23,2014073_23
2014013_22,2014073_22
2014013_20,2014073_20
2014013_19,2014073_19
2014013_16,2014073_16
2014013_15,2014073_15
2014013_14,2014073_14
2014012_941,2014072_941
2014012_935,2014072_935
2014012_934,2014072_934
2014012_933,2014072_933
2014012_862,2014072_862
2014012_861,2014072_861
2014012_790,2014072_790
2014012_785,2014072_785
2014012_718,2014072_718
2014012_713,2014072_713
2014012_641,2014072_641
2014012_640,2014072_640
2014012_596,2014072_596
2014012_526,2014072_526
2014012_524,2014072_524
2014012_52,2014072_52
2014012_498,2014072_498
2014012_496,2014072_496
2014012_454,2014072_454
2014012_452,2014072_452
2014012_451,2014072_451
2014012_428,2014072_428
2014012_427,2014072_427
2014012_425,2014072_425
2014012_424,2014072_424
2014012_359,2014072_359
2014012_354,2014072_354
2014012_353,2014072_353
2014012_352,2014072_352
2014012_3217,2014072_3217
2014012_3200,2014072_3200
2014012_3192,2014072_3192
2014012_3191,2014072_3191
2014012_3190,2014072_3190
2014012_3189,2014072_3189
2014012_3183,2014072_3183
2014012_3119,2014072_3119
2014012_3117,2014072_3117
2014012_3115,2014072_3115
2014012_3114,2014072_3114
2014012_309,2014072_309
2014012_3045,2014072_3045
2014012_3043,2014072_3043
2014012_2971,2014072_2971
2014012_2895,2014072_2895
2014012_284,2014072_284
2014012_283,2014072_283
2014012_2823,2014072_2823
2014012_282,2014072_282
2014012_2809,2014072_2809
2014012_280,2014072_280
2014012_2749,2014072_2749
2014012_2738,2014072_2738
2014012_2737,2014072_2737
2014012_260,2014072_260
2014012_259,2014072_259
2014012_258,2014072_258
2014012_186,2014072_186
2014012_1007,2014072_1007
2014012_1006,2014072_1006
2014011_975,2014071_975
2014011_974,2014071_974
2014011_971,2014071_971
2014011_970,2014071_970
2014011_967,2014071_967
2014011_904,2014071_904
2014011_903,2014071_903
2014011_902,2014071_902
2014011_899,2014071_899
2014011_897,2014071_897
2014011_891,2014071_891
2014011_833,2014071_833
2014011_826,2014071_826
2014011_824,2014071_824
2014011_777,2014071_777
2014011_764,2014071_764
2014011_763,2014071_763
2014011_761,2014071_761
2014011_753,2014071_753
2014011_752,2014071_752
2014011_750,2014071_750
2014011_719,2014071_719
2014011_693,2014071_693
2014011_692,2014071_692
2014011_691,2014071_691
2014011_684,2014071_684
2014011_682,2014071_682
2014011_681,2014071_681
2014011_678,2014071_678
2014011_632,2014071_632
2014011_625,2014071_625
2014011_624,2014071_624
2014011_622,2014071_622
2014011_612,2014071_612
2014011_607,2014071_607
2014011_571,2014071_571
2014011_569,2014071_569
2014011_568,2014071_568
2014011_554,2014071_554
2014011_553,2014071_553
2014011_532,2014071_532
2014011_500,2014071_500
2014011_499,2014071_499
2014011_498,2014071_498
2014011_496,2014071_496
2014011_494,2014071_494
2014011_493,2014071_493
2014011_483,2014071_483
2014011_463,2014071_463
2014011_423,2014071_423
2014011_422,2014071_422
2014011_421,2014071_421
2014011_420,2014071_420
2014011_414,2014071_414
2014011_41,2014071_41
2014011_350,2014071_350
2014011_343,2014071_343
2014011_338,2014071_338
2014011_331,2014071_331
2014011_330,2014071_330
2014011_329,2014071_329
2014011_3000,2014071_3000
2014011_2935,2014071_2935
2014011_2934,2014071_2934
2014011_285,2014071_285
2014011_284,2014071_284
2014011_273,2014071_273
2014011_272,2014071_272
2014011_269,2014071_269
2014011_2630,2014071_2630
2014011_258,2014071_258
2014011_2408,2014071_2408
2014011_2400,2014071_2400
2014011_2336,2014071_2336
2014011_2331,2014071_2331
2014011_2264,2014071_2264
2014011_2263,2014071_2263
2014011_226,2014071_226
2014011_2193,2014071_2193
2014011_213,2014071_213
2014011_212,2014071_212
2014011_2114,2014071_2114
2014011_2050,2014071_2050
2014011_199,2014071_199
2014011_1978,2014071_1978
2014011_1977,2014071_1977
2014011_1906,2014071_1906
2014011_1905,2014071_1905
2014011_1839,2014071_1839
2014011_1834,2014071_1834
2014011_1833,2014071_1833
2014011_1829,2014071_1829
2014011_1827,2014071_1827
2014011_179,2014071_179
2014011_1762,2014071_1762
2014011_1761,2014071_1761
2014011_1695,2014071_1695
2014011_1692,2014071_1692
2014011_1691,2014071_1691
2014011_1690,2014071_1690
2014011_1682,2014071_1682
2014011_1621,2014071_1621
2014011_1620,2014071_1620
2014011_1619,2014071_1619
2014011_1612,2014071_1612
2014011_1610,2014071_1610
2014011_1605,2014071_1605
2014011_1604,2014071_1604
2014011_1603,2014071_1603
2014011_1547,2014071_1547
2014011_1539,2014071_1539
2014011_1531,2014071_1531
2014011_1476,2014071_1476
2014011_1405,2014071_1405
2014011_1404,2014071_1404
2014011_1331,2014071_1331
2014011_1325,2014071_1325
2014011_1314,2014071_1314
2014011_130,2014071_130
2014011_1261,2014071_1261
2014011_1250,2014071_1250
2014011_1189,2014071_1189
2014011_1188,2014071_1188
2014011_1182,2014071_1182
2014011_1116,2014071_1116
2014011_1111,2014071_1111
2014011_1046,2014071_1046
2014011_1040,2014071_1040
2014011_1011,2014071_1011
2013013_85,2013073_85
2013013_81,2013073_81
2013013_75,2013073_75
2013013_74,2013073_74
2013013_70,2013073_70
2013013_69,2013073_69
2013013_68,2013073_68
2013013_67,2013073_67
2013013_64,2013073_64
2013013_63,2013073_63
2013013_61,2013073_61
2013013_60,2013073_60
2013013_58,2013073_58
2013013_57,2013073_57
2013013_55,2013073_55
2013013_4,2013073_4
2013013_36,2013073_36
2013013_30,2013073_30
2013013_22,2013073_22
2013013_16,2013073_16
2013013_15,2013073_15
2013012_935,2013072_935
2013012_934,2013072_934
2013012_933,2013072_933
2013012_862,2013072_862
2013012_861,2013072_861
2013012_8,2013072_8
2013012_788,2013072_788
2013012_73,2013072_73
2013012_717,2013072_717
2013012_715,2013072_715
2013012_713,2013072_713
2013012_66,2013072_66
2013012_647,2013072_647
2013012_646,2013072_646
2013012_645,2013072_645
2013012_640,2013072_640
2013012_574,2013072_574
2013012_573,2013072_573
2013012_572,2013072_572
2013012_571,2013072_571
2013012_570,2013072_570
2013012_57,2013072_57
2013012_56,2013072_56
2013012_503,2013072_503
2013012_502,2013072_502
2013012_501,2013072_501
2013012_500,2013072_500
2013012_498,2013072_498
2013012_497,2013072_497
2013012_454,2013072_454
2013012_431,2013072_431
2013012_430,2013072_430
2013012_429,2013072_429
2013012_428,2013072_428
2013012_427,2013072_427
2013012_426,2013072_426
2013012_425,2013072_425
2013012_424,2013072_424
2013012_358,2013072_358
2013012_357,2013072_357
2013012_356,2013072_356
2013012_355,2013072_355
2013012_354,2013072_354
2013012_3210,2013072_3210
2013012_3208,2013072_3208
2013012_3207,2013072_3207
2013012_3206,2013072_3206
2013012_3205,2013072_3205
2013012_3192,2013072_3192
2013012_3148,2013072_3148
2013012_3146,2013072_3146
2013012_3145,2013072_3145
2013012_3139,2013072_3139
2013012_3138,2013072_3138
2013012_3137,2013072_3137
2013012_3134,2013072_3134
2013012_3068,2013072_3068
2013012_3067,2013072_3067
2013012_3065,2013072_3065
2013012_285,2013072_285
2013012_284,2013072_284
2013012_2831,2013072_2831
2013012_283,2013072_283
2013012_282,2013072_282
2013012_281,2013072_281
2013012_260,2013072_260
2013012_212,2013072_212
2013012_211,2013072_211
2013012_210,2013072_210
2013012_199,2013072_199
2013012_197,2013072_197
2013012_166,2013072_166
2013012_136,2013072_136
2013012_135,2013072_135
2013012_133,2013072_133
2013012_129,2013072_129
2013012_1007,2013072_1007
2013011_976,2013071_976
2013011_686,2013071_686
2013011_685,2013071_685
2013011_2524,2013071_2524
2013011_2520,2013071_2520
2013011_2454,2013071_2454
2013011_2449,2013071_2449
2013011_2186,2013071_2186
2013011_2089,2013071_2089
2013011_2088,2013071_2088
2013011_1664,2013071_1664
2013011_1663,2013071_1663
2013011_1658,2013071_1658
2013011_1588,2013071_1588
2013011_1585,2013071_1585
2012013_9,2012073_9
2012013_87,2012073_87
2012013_82,2012073_82
2012013_81,2012073_81
2012013_76,2012073_76
2012013_75,2012073_75
2012013_74,2012073_74
2012013_70,2012073_70
2012013_67,2012073_67
2012013_63,2012073_63
2012013_61,2012073_61
2012013_60,2012073_60
2012013_57,2012073_57
2012013_56,2012073_56
2012013_55,2012073_55
2012013_54,2012073_54
2012013_51,2012073_51
2012013_49,2012073_49
2012013_46,2012073_46
2012013_44,2012073_44
2012013_38,2012073_38
2012013_30,2012073_30
2012013_25,2012073_25
2012013_22,2012073_22
2012013_19,2012073_19
2012013_16,2012073_16
2012013_15,2012073_15
2012012_865,2012072_865
2012012_812,2012072_812
2012012_800,2012072_800
2012012_793,2012072_793
2012012_786,2012072_786
2012012_785,2012072_785
2012012_739,2012072_739
2012012_732,2012072_732
2012012_728,2012072_728
2012012_723,2012072_723
2012012_714,2012072_714
2012012_713,2012072_713
2012012_668,2012072_668
2012012_667,2012072_667
2012012_645,2012072_645
2012012_644,2012072_644
2012012_643,2012072_643
2012012_642,2012072_642
2012012_641,2012072_641
2012012_640,2012072_640
2012012_597,2012072_597
2012012_596,2012072_596
2012012_595,2012072_595
2012012_586,2012072_586
2012012_585,2012072_585
2012012_584,2012072_584
2012012_570,2012072_570
2012012_569,2012072_569
2012012_526,2012072_526
2012012_525,2012072_525
2012012_524,2012072_524
2012012_523,2012072_523
2012012_522,2012072_522
2012012_521,2012072_521
2012012_516,2012072_516
2012012_514,2012072_514
2012012_512,2012072_512
2012012_506,2012072_506
2012012_505,2012072_505
2012012_500,2012072_500
2012012_498,2012072_498
2012012_497,2012072_497
2012012_449,2012072_449
2012012_440,2012072_440
2012012_439,2012072_439
2012012_432,2012072_432
2012012_428,2012072_428
2012012_426,2012072_426
2012012_383,2012072_383
2012012_356,2012072_356
2012012_3263,2012072_3263
2012012_3255,2012072_3255
2012012_3215,2012072_3215
2012012_3211,2012072_3211
2012012_3208,2012072_3208
2012012_3201,2012072_3201
2012012_3192,2012072_3192
2012012_3191,2012072_3191
2012012_3190,2012072_3190
2012012_3189,2012072_3189
2012012_3186,2012072_3186
2012012_3184,2012072_3184
2012012_3183,2012072_3183
2012012_3140,2012072_3140
2012012_3138,2012072_3138
2012012_3137,2012072_3137
2012012_3123,2012072_3123
2012012_3119,2012072_3119
2012012_3118,2012072_3118
2012012_3117,2012072_3117
2012012_3116,2012072_3116
2012012_3115,2012072_3115
2012012_3114,2012072_3114
2012012_3113,2012072_3113
2012012_3112,2012072_3112
2012012_3111,2012072_3111
2012012_3110,2012072_3110
2012012_3068,2012072_3068
2012012_3046,2012072_3046
2012012_3045,2012072_3045
2012012_3044,2012072_3044
2012012_3043,2012072_3043
2012012_3042,2012072_3042
2012012_2987,2012072_2987
2012012_2978,2012072_2978
2012012_2977,2012072_2977
2012012_2976,2012072_2976
2012012_2971,2012072_2971
2012012_2970,2012072_2970
2012012_2968,2012072_2968
2012012_2966,2012072_2966
2012012_2906,2012072_2906
2012012_2905,2012072_2905
2012012_2903,2012072_2903
2012012_2899,2012072_2899
2012012_2897,2012072_2897
2012012_2896,2012072_2896
2012012_2895,2012072_2895
2012012_2894,2012072_2894
2012012_2893,2012072_2893
2012012_2892,2012072_2892
2012012_2891,2012072_2891
2012012_2890,2012072_2890
2012012_286,2012072_286
2012012_285,2012072_285
2012012_284,2012072_284
2012012_2835,2012072_2835
2012012_2833,2012072_2833
2012012_283,2012072_283
2012012_2827,2012072_2827
2012012_2826,2012072_2826
2012012_2825,2012072_2825
2012012_2824,2012072_2824
2012012_2823,2012072_2823
2012012_2822,2012072_2822
2012012_2821,2012072_2821
2012012_2820,2012072_2820
2012012_2819,2012072_2819
2012012_2818,2012072_2818
2012012_2810,2012072_2810
2012012_2809,2012072_2809
2012012_2808,2012072_2808
2012012_2760,2012072_2760
2012012_2752,2012072_2752
2012012_2751,2012072_2751
2012012_2750,2012072_2750
2012012_2749,2012072_2749
2012012_2748,2012072_2748
2012012_2747,2012072_2747
2012012_2746,2012072_2746
2012012_2739,2012072_2739
2012012_2738,2012072_2738
2012012_2737,2012072_2737
2012012_2736,2012072_2736
2012012_2679,2012072_2679
2012012_2677,2012072_2677
2012012_2676,2012072_2676
2012012_235,2012072_235
2012012_1079,2012072_1079
2012012_1007,2012072_1007
2012012_1006,2012072_1006
2012011_782,2012071_782
2012011_777,2012071_777
2012011_766,2012071_766
2012011_765,2012071_765
2012011_764,2012071_764
2012011_761,2012071_761
2012011_713,2012071_713
2012011_694,2012071_694
2012011_693,2012071_693
2012011_692,2012071_692
2012011_647,2012071_647
2012011_643,2012071_643
2012011_637,2012071_637
2012011_632,2012071_632
2012011_629,2012071_629
2012011_625,2012071_625
2012011_624,2012071_624
2012011_623,2012071_623
2012011_622,2012071_622
2012011_621,2012071_621
2012011_617,2012071_617
2012011_571,2012071_571
2012011_566,2012071_566
2012011_565,2012071_565
2012011_558,2012071_558
2012011_557,2012071_557
2012011_554,2012071_554
2012011_550,2012071_550
2012011_549,2012071_549
2012011_499,2012071_499
2012011_498,2012071_498
2012011_494,2012071_494
2012011_493,2012071_493
2012011_487,2012071_487
2012011_477,2012071_477
2012011_462,2012071_462
2012011_425,2012071_425
2012011_423,2012071_423
2012011_422,2012071_422
2012011_421,2012071_421
2012011_420,2012071_420
2012011_419,2012071_419
2012011_418,2012071_418
2012011_417,2012071_417
2012011_416,2012071_416
2012011_415,2012071_415
2012011_412,2012071_412
2012011_411,2012071_411
2012011_350,2012071_350
2012011_348,2012071_348
2012011_344,2012071_344
2012011_339,2012071_339
2012011_338,2012071_338
2012011_337,2012071_337
2012011_3086,2012071_3086
2012011_3028,2012071_3028
2012011_3008,2012071_3008
2012011_3007,2012071_3007
2012011_2947,2012071_2947
2012011_2946,2012071_2946
2012011_2943,2012071_2943
2012011_2940,2012071_2940
2012011_2936,2012071_2936
2012011_2935,2012071_2935
2012011_2934,2012071_2934
2012011_2933,2012071_2933
2012011_2930,2012071_2930
2012011_2921,2012071_2921
2012011_2908,2012071_2908
2012011_2879,2012071_2879
2012011_2878,2012071_2878
2012011_2877,2012071_2877
2012011_2876,2012071_2876
2012011_2875,2012071_2875
2012011_2868,2012071_2868
2012011_2867,2012071_2867
2012011_2866,2012071_2866
2012011_2865,2012071_2865
2012011_2864,2012071_2864
2012011_2863,2012071_2863
2012011_2861,2012071_2861
2012011_2855,2012071_2855
2012011_2850,2012071_2850
2012011_2848,2012071_2848
2012011_2838,2012071_2838
2012011_2802,2012071_2802
2012011_2796,2012071_2796
2012011_2795,2012071_2795
2012011_2792,2012071_2792
2012011_2784,2012071_2784
2012011_2776,2012071_2776
2012011_276,2012071_276
2012011_273,2012071_273
2012011_272,2012071_272
2012011_2701,2012071_2701
2012011_269,2012071_269
2012011_266,2012071_266
2012011_2357,2012071_2357
2012011_201,2012071_201
2012011_1828,2012071_1828
2012011_1412,2012071_1412
2012011_1179,2012071_1179
2012011_114,2012071_114
2012011_1112,2012071_1112
2012011_1111,2012071_1111
2011013_94,2011073_94
2011013_9,2011073_9
2011013_88,2011073_88
2011013_87,2011073_87
2011013_86,2011073_86
2011013_82,2011073_82
2011013_81,2011073_81
2011013_80,2011073_80
2011013_79,2011073_79
2011013_78,2011073_78
2011013_76,2011073_76
2011013_75,2011073_75
2011013_74,2011073_74
2011013_73,2011073_73
2011013_70,2011073_70
2011013_69,2011073_69
2011013_68,2011073_68
2011013_67,2011073_67
2011013_64,2011073_64
2011013_63,2011073_63
2011013_62,2011073_62
2011013_61,2011073_61
2011013_60,2011073_60
2011013_58,2011073_58
2011013_57,2011073_57
2011013_56,2011073_56
2011013_55,2011073_55
2011013_54,2011073_54
2011013_53,2011073_53
2011013_52,2011073_52
2011013_51,2011073_51
2011013_50,2011073_50
2011013_49,2011073_49
2011013_48,2011073_48
2011013_46,2011073_46
2011013_45,2011073_45
2011013_44,2011073_44
2011013_43,2011073_43
2011013_42,2011073_42
2011013_4,2011073_4
2011013_39,2011073_39
2011013_38,2011073_38
2011013_37,2011073_37
2011013_36,2011073_36
2011013_35,2011073_35
2011013_34,2011073_34
2011013_33,2011073_33
2011013_32,2011073_32
2011013_31,2011073_31
2011013_30,2011073_30
2011013_3,2011073_3
2011013_29,2011073_29
2011013_28,2011073_28
2011013_27,2011073_27
2011013_26,2011073_26
2011013_25,2011073_25
2011013_24,2011073_24
2011013_23,2011073_23
2011013_22,2011073_22
2011013_21,2011073_21
2011013_20,2011073_20
2011013_19,2011073_19
2011013_18,2011073_18
2011013_17,2011073_17
2011013_16,2011073_16
2011013_15,2011073_15
2011013_14,2011073_14
2011013_12,2011073_12
2011013_11,2011073_11
2011013_10,2011073_10
2011012_935,2011072_935
2011012_934,2011072_934
2011012_933,2011072_933
2011012_869,2011072_869
2011012_862,2011072_862
2011012_861,2011072_861
2011012_860,2011072_860
2011012_859,2011072_859
2011012_790,2011072_790
2011012_788,2011072_788
2011012_787,2011072_787
2011012_786,2011072_786
2011012_785,2011072_785
2011012_718,2011072_718
2011012_717,2011072_717
2011012_716,2011072_716
2011012_715,2011072_715
2011012_714,2011072_714
2011012_713,2011072_713
2011012_712,2011072_712
2011012_655,2011072_655
2011012_647,2011072_647
2011012_646,2011072_646
2011012_645,2011072_645
2011012_644,2011072_644
2011012_643,2011072_643
2011012_642,2011072_642
2011012_641,2011072_641
2011012_640,2011072_640
2011012_637,2011072_637
2011012_636,2011072_636
2011012_60,2011072_60
2011012_596,2011072_596
2011012_58,2011072_58
2011012_575,2011072_575
2011012_574,2011072_574
2011012_573,2011072_573
2011012_572,2011072_572
2011012_571,2011072_571
2011012_570,2011072_570
2011012_57,2011072_57
2011012_569,2011072_569
2011012_568,2011072_568
2011012_567,2011072_567
2011012_565,2011072_565
2011012_56,2011072_56
2011012_53,2011072_53
2011012_524,2011072_524
2011012_523,2011072_523
2011012_522,2011072_522
2011012_52,2011072_52
2011012_514,2011072_514
2011012_51,2011072_51
2011012_503,2011072_503
2011012_502,2011072_502
2011012_501,2011072_501
2011012_500,2011072_500
2011012_499,2011072_499
2011012_498,2011072_498
2011012_497,2011072_497
2011012_496,2011072_496
2011012_494,2011072_494
2011012_493,2011072_493
2011012_48,2011072_48
2011012_440,2011072_440
2011012_439,2011072_439
2011012_431,2011072_431
2011012_430,2011072_430
2011012_429,2011072_429
2011012_428,2011072_428
2011012_427,2011072_427
2011012_426,2011072_426
2011012_425,2011072_425
2011012_424,2011072_424
2011012_423,2011072_423
2011012_422,2011072_422
2011012_421,2011072_421
2011012_359,2011072_359
2011012_358,2011072_358
2011012_357,2011072_357
2011012_356,2011072_356
2011012_355,2011072_355
2011012_354,2011072_354
2011012_353,2011072_353
2011012_352,2011072_352
2011012_349,2011072_349
2011012_347,2011072_347
2011012_337,2011072_337
2011012_331,2011072_331
2011012_3200,2011072_3200
2011012_3195,2011072_3195
2011012_3193,2011072_3193
2011012_3192,2011072_3192
2011012_3191,2011072_3191
2011012_3189,2011072_3189
2011012_3184,2011072_3184
2011012_3183,2011072_3183
2011012_3148,2011072_3148
2011012_3146,2011072_3146
2011012_3142,2011072_3142
2011012_3141,2011072_3141
2011012_3140,2011072_3140
2011012_3139,2011072_3139
2011012_3129,2011072_3129
2011012_3128,2011072_3128
2011012_3127,2011072_3127
2011012_3123,2011072_3123
2011012_3114,2011072_3114
2011012_3113,2011072_3113
2011012_3112,2011072_3112
2011012_3110,2011072_3110
2011012_3108,2011072_3108
2011012_3075,2011072_3075
2011012_3057,2011072_3057
2011012_2988,2011072_2988
2011012_2970,2011072_2970
2011012_2968,2011072_2968
2011012_2923,2011072_2923
2011012_2922,2011072_2922
2011012_2906,2011072_2906
2011012_2903,2011072_2903
2011012_2901,2011072_2901
2011012_288,2011072_288
2011012_287,2011072_287
2011012_286,2011072_286
2011012_285,2011072_285
2011012_2841,2011072_2841
2011012_2840,2011072_2840
2011012_284,2011072_284
2011012_283,2011072_283
2011012_2827,2011072_2827
2011012_2826,2011072_2826
2011012_2824,2011072_2824
2011012_282,2011072_282
2011012_281,2011072_281
2011012_280,2011072_280
2011012_279,2011072_279
2011012_277,2011072_277
2011012_276,2011072_276
2011012_2751,2011072_2751
2011012_275,2011072_275
2011012_2749,2011072_2749
2011012_2739,2011072_2739
2011012_2738,2011072_2738
2011012_268,2011072_268
2011012_267,2011072_267
2011012_262,2011072_262
2011012_261,2011072_261
2011012_260,2011072_260
2011012_259,2011072_259
2011012_258,2011072_258
2011012_212,2011072_212
2011012_211,2011072_211
2011012_210,2011072_210
2011012_209,2011072_209
2011012_208,2011072_208
2011012_207,2011072_207
2011012_206,2011072_206
2011012_200,2011072_200
2011012_199,2011072_199
2011012_198,2011072_198
2011012_196,2011072_196
2011012_193,2011072_193
2011012_192,2011072_192
2011012_187,2011072_187
2011012_186,2011072_186
2011012_137,2011072_137
2011012_136,2011072_136
2011012_135,2011072_135
2011012_134,2011072_134
2011012_133,2011072_133
2011012_131,2011072_131
2011012_130,2011072_130
2011012_129,2011072_129
2011012_127,2011072_127
2011012_124,2011072_124
2011012_121,2011072_121
2011012_120,2011072_120
2011012_119,2011072_119
2011012_1007,2011072_1007
2011012_1006,2011072_1006
2011011_975,2011071_975
2011011_969,2011071_969
2011011_947,2011071_947
2011011_904,2011071_904
2011011_903,2011071_903
2011011_902,2011071_902
2011011_898,2011071_898
2011011_825,2011071_825
2011011_780,2011071_780
2011011_765,2011071_765
2011011_761,2011071_761
2011011_694,2011071_694
2011011_693,2011071_693
2011011_692,2011071_692
2011011_691,2011071_691
2011011_683,2011071_683
2011011_676,2011071_676
2011011_625,2011071_625
2011011_624,2011071_624
2011011_623,2011071_623
2011011_622,2011071_622
2011011_621,2011071_621
2011011_61,2011071_61
2011011_607,2011071_607
2011011_499,2011071_499
2011011_498,2011071_498
2011011_487,2011071_487
2011011_422,2011071_422
2011011_421,2011071_421
2011011_416,2011071_416
2011011_415,2011071_415
2011011_402,2011071_402
2011011_339,2011071_339
2011011_338,2011071_338
2011011_337,2011071_337
2011011_3156,2011071_3156
2011011_3071,2011071_3071
2011011_3007,2011071_3007
2011011_3002,2011071_3002
2011011_3001,2011071_3001
2011011_3000,2011071_3000
2011011_2999,2011071_2999
2011011_2998,2011071_2998
2011011_2946,2011071_2946
2011011_2935,2011071_2935
2011011_2934,2011071_2934
2011011_2933,2011071_2933
2011011_2930,2011071_2930
2011011_2929,2011071_2929
2011011_2928,2011071_2928
2011011_2927,2011071_2927
2011011_2925,2011071_2925
2011011_2907,2011071_2907
2011011_2868,2011071_2868
2011011_2862,2011071_2862
2011011_2861,2011071_2861
2011011_2859,2011071_2859
2011011_2858,2011071_2858
2011011_2857,2011071_2857
2011011_2856,2011071_2856
2011011_2855,2011071_2855
2011011_2795,2011071_2795
2011011_2785,2011071_2785
2011011_2784,2011071_2784
2011011_2783,2011071_2783
2011011_2777,2011071_2777
2011011_273,2011071_273
2011011_2724,2011071_2724
2011011_2704,2011071_2704
2011011_2703,2011071_2703
2011011_2702,2011071_2702
2011011_266,2011071_266
2011011_2631,2011071_2631
2011011_2476,2011071_2476
2011011_2423,2011071_2423
2011011_242,2011071_242
2011011_2408,2011071_2408
2011011_2404,2011071_2404
2011011_2352,2011071_2352
2011011_2334,2011071_2334
2011011_229,2011071_229
2011011_2044,2011071_2044
2011011_1977,2011071_1977
2011011_1969,2011071_1969
2011011_1913,2011071_1913
2011011_1904,2011071_1904
2011011_1897,2011071_1897
2011011_1826,2011071_1826
2011011_1824,2011071_1824
2011011_1766,2011071_1766
2011011_1762,2011071_1762
2011011_1756,2011071_1756
2011011_1754,2011071_1754
2011011_1695,2011071_1695
2011011_1693,2011071_1693
2011011_1692,2011071_1692
2011011_1691,2011071_1691
2011011_1684,2011071_1684
2011011_1620,2011071_1620
2011011_1619,2011071_1619
2011011_1612,2011071_1612
2011011_1611,2011071_1611
2011011_1610,2011071_1610
2011011_1548,2011071_1548
2011011_1541,2011071_1541
2011011_1540,2011071_1540
2011011_1539,2011071_1539
2011011_1469,2011071_1469
2011011_1468,2011071_1468
2011011_1467,2011071_1467
2011011_1407,2011071_1407
2011011_1404,2011071_1404
2011011_1396,2011071_1396
2011011_1394,2011071_1394
2011011_1374,2011071_1374
2011011_1331,2011071_1331
2011011_1322,2011071_1322
2011011_1253,2011071_1253
2011011_1250,2011071_1250
2011011_1249,2011071_1249
2011011_1189,2011071_1189
2011011_1181,2011071_1181
2011011_1178,2011071_1178
2011011_1116,2011071_1116
2011011_1114,2011071_1114
2011011_1111,2011071_1111
2011011_1046,2011071_1046
2011011_1020,2011071_1020
2010013_98,2010073_98
2010013_94,2010073_94
2010013_90,2010073_90
2010013_9,2010073_9
2010013_89,2010073_89
2010013_87,2010073_87
2010013_85,2010073_85
2010013_81,2010073_81
2010013_80,2010073_80
2010013_8,2010073_8
2010013_75,2010073_75
2010013_74,2010073_74
2010013_73,2010073_73
2010013_70,2010073_70
2010013_69,2010073_69
2010013_68,2010073_68
2010013_67,2010073_67
2010013_64,2010073_64
2010013_63,2010073_63
2010013_62,2010073_62
2010013_61,2010073_61
2010013_60,2010073_60
2010013_58,2010073_58
2010013_57,2010073_57
2010013_56,2010073_56
2010013_55,2010073_55
2010013_54,2010073_54
2010013_51,2010073_51
2010013_48,2010073_48
2010013_45,2010073_45
2010013_44,2010073_44
2010013_42,2010073_42
2010013_4,2010073_4
2010013_38,2010073_38
2010013_37,2010073_37
2010013_32,2010073_32
2010013_30,2010073_30
2010013_27,2010073_27
2010013_26,2010073_26
2010013_25,2010073_25
2010013_24,2010073_24
2010013_20,2010073_20
2010013_18,2010073_18
2010013_16,2010073_16
2010013_12,2010073_12
2010012_934,2010072_934
2010012_933,2010072_933
2010012_862,2010072_862
2010012_861,2010072_861
2010012_859,2010072_859
2010012_788,2010072_788
2010012_715,2010072_715
2010012_713,2010072_713
2010012_647,2010072_647
2010012_645,2010072_645
2010012_644,2010072_644
2010012_643,2010072_643
2010012_640,2010072_640
2010012_596,2010072_596
2010012_573,2010072_573
2010012_572,2010072_572
2010012_571,2010072_571
2010012_570,2010072_570
2010012_524,2010072_524
2010012_501,2010072_501
2010012_500,2010072_500
2010012_498,2010072_498
2010012_497,2010072_497
2010012_496,2010072_496
2010012_431,2010072_431
2010012_430,2010072_430
2010012_428,2010072_428
2010012_426,2010072_426
2010012_425,2010072_425
2010012_424,2010072_424
2010012_359,2010072_359
2010012_358,2010072_358
2010012_355,2010072_355
2010012_353,2010072_353
2010012_3262,2010072_3262
2010012_3215,2010072_3215
2010012_3192,2010072_3192
2010012_3191,2010072_3191
2010012_3189,2010072_3189
2010012_3186,2010072_3186
2010012_3185,2010072_3185
2010012_3184,2010072_3184
2010012_3183,2010072_3183
2010012_3119,2010072_3119
2010012_3118,2010072_3118
2010012_3117,2010072_3117
2010012_3115,2010072_3115
2010012_3114,2010072_3114
2010012_3112,2010072_3112
2010012_3111,2010072_3111
2010012_3110,2010072_3110
2010012_3109,2010072_3109
2010012_3108,2010072_3108
2010012_3049,2010072_3049
2010012_3045,2010072_3045
2010012_3043,2010072_3043
2010012_2987,2010072_2987
2010012_2971,2010072_2971
2010012_2969,2010072_2969
2010012_2967,2010072_2967
2010012_2966,2010072_2966
2010012_2924,2010072_2924
2010012_2923,2010072_2923
2010012_2922,2010072_2922
2010012_2906,2010072_2906
2010012_2905,2010072_2905
2010012_2903,2010072_2903
2010012_2902,2010072_2902
2010012_2901,2010072_2901
2010012_2900,2010072_2900
2010012_2899,2010072_2899
2010012_2898,2010072_2898
2010012_2897,2010072_2897
2010012_2896,2010072_2896
2010012_2895,2010072_2895
2010012_2894,2010072_2894
2010012_2891,2010072_2891
2010012_286,2010072_286
2010012_285,2010072_285
2010012_284,2010072_284
2010012_283,2010072_283
2010012_2827,2010072_2827
2010012_2826,2010072_2826
2010012_2823,2010072_2823
2010012_2822,2010072_2822
2010012_2820,2010072_2820
2010012_2819,2010072_2819
2010012_2818,2010072_2818
2010012_2810,2010072_2810
2010012_281,2010072_281
2010012_2809,2010072_2809
2010012_2808,2010072_2808
2010012_280,2010072_280
2010012_275,2010072_275
2010012_2749,2010072_2749
2010012_2748,2010072_2748
2010012_2739,2010072_2739
2010012_2738,2010072_2738
2010012_2737,2010072_2737
2010012_2676,2010072_2676
2010012_261,2010072_261
2010012_260,2010072_260
2010012_212,2010072_212
2010012_211,2010072_211
2010012_206,2010072_206
2010012_199,2010072_199
2010012_196,2010072_196
2010012_129,2010072_129
2010012_1007,2010072_1007
2010012_1006,2010072_1006
2010011_923,2010071_923
2010011_692,2010071_692
2010011_691,2010071_691
2010011_629,2010071_629
2010011_625,2010071_625
2010011_624,2010071_624
2010011_623,2010071_623
2010011_597,2010071_597
2010011_596,2010071_596
2010011_554,2010071_554
2010011_553,2010071_553
2010011_499,2010071_499
2010011_487,2010071_487
2010011_422,2010071_422
2010011_421,2010071_421
2010011_420,2010071_420
2010011_366,2010071_366
2010011_354,2010071_354
2010011_338,2010071_338
2010011_3071,2010071_3071
2010011_3008,2010071_3008
2010011_3007,2010071_3007
2010011_3000,2010071_3000
2010011_2951,2010071_2951
2010011_2950,2010071_2950
2010011_2949,2010071_2949
2010011_2947,2010071_2947
2010011_2936,2010071_2936
2010011_2935,2010071_2935
2010011_2934,2010071_2934
2010011_2932,2010071_2932
2010011_2930,2010071_2930
2010011_2928,2010071_2928
2010011_2927,2010071_2927
2010011_2921,2010071_2921
2010011_2878,2010071_2878
2010011_2877,2010071_2877
2010011_2876,2010071_2876
2010011_2875,2010071_2875
2010011_2874,2010071_2874
2010011_2863,2010071_2863
2010011_2858,2010071_2858
2010011_2857,2010071_2857
2010011_2856,2010071_2856
2010011_2855,2010071_2855
2010011_2820,2010071_2820
2010011_2784,2010071_2784
2010011_2783,2010071_2783
2010011_2778,2010071_2778
2010011_2777,2010071_2777
2010011_2776,2010071_2776
2010011_2706,2010071_2706
2010011_2705,2010071_2705
2010011_2703,2010071_2703
2010011_2702,2010071_2702
2010011_2631,2010071_2631
2010011_2485,2010071_2485
2010011_2233,2010071_2233
2010011_220,2010071_220
2010011_1692,2010071_1692
2010011_1691,2010071_1691
2010011_1620,2010071_1620
2010011_1548,2010071_1548
2010011_130,2010071_130
2010011_1261,2010071_1261
2010011_1119,2010071_1119
2010011_1046,2010071_1046
2009013_86,2009073_86
2009013_82,2009073_82
2009013_81,2009073_81
2009013_78,2009073_78
2009013_76,2009073_76
2009013_75,2009073_75
2009013_74,2009073_74
2009013_67,2009073_67
2009013_64,2009073_64
2009013_44,2009073_44
2009013_42,2009073_42
2009013_4,2009073_4
2009013_36,2009073_36
2009013_20,2009073_20
2009013_15,2009073_15
2009012_788,2009072_788
2009012_739,2009072_739
2009012_717,2009072_717
2009012_651,2009072_651
2009012_584,2009072_584
2009012_512,2009072_512
2009012_508,2009072_508
2009012_507,2009072_507
2009012_506,2009072_506
2009012_505,2009072_505
2009012_503,2009072_503
2009012_502,2009072_502
2009012_498,2009072_498
2009012_497,2009072_497
2009012_496,2009072_496
2009012_440,2009072_440
2009012_433,2009072_433
2009012_432,2009072_432
2009012_431,2009072_431
2009012_430,2009072_430
2009012_426,2009072_426
2009012_425,2009072_425
2009012_382,2009072_382
2009012_353,2009072_353
2009012_3201,2009072_3201
2009012_3065,2009072_3065
2009012_2997,2009072_2997
2009012_286,2009072_286
2009012_284,2009072_284
2009012_283,2009072_283
2009012_211,2009072_211
2009012_2,2009072_2
2009011_848,2009071_848
2009011_776,2009071_776
2009011_765,2009071_765
2009011_764,2009071_764
2009011_712,2009071_712
2009011_711,2009071_711
2009011_710,2009071_710
2009011_709,2009071_709
2009011_693,2009071_693
2009011_692,2009071_692
2009011_691,2009071_691
2009011_632,2009071_632
2009011_625,2009071_625
2009011_623,2009071_623
2009011_573,2009071_573
2009011_571,2009071_571
2009011_570,2009071_570
2009011_569,2009071_569
2009011_500,2009071_500
2009011_499,2009071_499
2009011_494,2009071_494
2009011_493,2009071_493
2009011_424,2009071_424
2009011_422,2009071_422
2009011_421,2009071_421
2009011_420,2009071_420
2009011_3094,2009071_3094
2009011_2377,2009071_2377
2009011_2307,2009071_2307
2009011_2306,2009071_2306
2009011_2305,2009071_2305
2009011_2233,2009071_2233
2008013_86,2008073_86
2008013_81,2008073_81
2008013_80,2008073_80
2008013_74,2008073_74
2008013_69,2008073_69
2008013_64,2008073_64
2008013_63,2008073_63
2008013_62,2008073_62
2008013_61,2008073_61
2008013_58,2008073_58
2008013_57,2008073_57
2008013_56,2008073_56
2008013_52,2008073_52
2008013_51,2008073_51
2008013_48,2008073_48
2008013_46,2008073_46
2008013_45,2008073_45
2008013_44,2008073_44
2008013_43,2008073_43
2008013_40,2008073_40
2008013_39,2008073_39
2008013_38,2008073_38
2008013_37,2008073_37
2008013_36,2008073_36
2008013_33,2008073_33
2008012_718,2008072_718
2008012_647,2008072_647
2008012_502,2008072_502
2008012_1007,2008072_1007
2008011_623,2008071_623
2008011_338,2008071_338
2008011_2855,2008071_2855
2008011_2760,2008071_2760
2008011_266,2008071_266
2008011_2546,2008071_2546
2008011_2475,2008071_2475
2008011_1155,2008071_1155
2007013_76,2007073_76
2007013_58,2007073_58
2007012_576,2007072_576
2007012_3273,2007072_3273
2007012_3219,2007072_3219
2007012_3218,2007072_3218
2007012_3213,2007072_3213
2007012_3210,2007072_3210
2007012_3207,2007072_3207
2007012_3206,2007072_3206
2007012_3205,2007072_3205
2007012_3202,2007072_3202
2007012_3201,2007072_3201
2007012_3200,2007072_3200
2007012_3192,2007072_3192
2007012_3184,2007072_3184
2007012_3183,2007072_3183
2007012_3148,2007072_3148
2007012_3143,2007072_3143
2007012_3142,2007072_3142
2007012_3141,2007072_3141
2007012_3139,2007072_3139
2007012_3138,2007072_3138
2007012_3137,2007072_3137
2007012_3135,2007072_3135
2007012_3134,2007072_3134
2007012_3131,2007072_3131
2007012_3130,2007072_3130
2007012_3129,2007072_3129
2007012_3128,2007072_3128
2007012_3115,2007072_3115
2007012_3111,2007072_3111
2007012_3075,2007072_3075
2007012_3070,2007072_3070
2007012_3069,2007072_3069
2007012_3068,2007072_3068
2007012_3067,2007072_3067
2007012_3066,2007072_3066
2007012_3065,2007072_3065
2007012_3064,2007072_3064
2007012_3063,2007072_3063
2007012_3062,2007072_3062
2007012_3058,2007072_3058
2007012_3040,2007072_3040
2007012_2997,2007072_2997
2007012_2996,2007072_2996
2007012_2995,2007072_2995
2007012_2994,2007072_2994
2007012_2991,2007072_2991
2007012_2990,2007072_2990
2007012_2989,2007072_2989
2007012_2988,2007072_2988
2007012_2987,2007072_2987
2007012_2986,2007072_2986
2007012_2968,2007072_2968
2007012_2924,2007072_2924
2007012_2923,2007072_2923
2007012_2917,2007072_2917
2007012_2915,2007072_2915
2007012_2906,2007072_2906
2007012_2903,2007072_2903
2007012_2901,2007072_2901
2007012_2900,2007072_2900
2007012_2899,2007072_2899
2007012_2895,2007072_2895
2007012_2894,2007072_2894
2007012_2893,2007072_2893
2007012_2892,2007072_2892
2007012_2824,2007072_2824
2007012_2821,2007072_2821
2007012_2820,2007072_2820
2007012_2819,2007072_2819
2007012_2818,2007072_2818
2007012_2749,2007072_2749
2007012_2748,2007072_2748
2007012_2746,2007072_2746
2007012_2740,2007072_2740
2007012_2739,2007072_2739
2007012_2738,2007072_2738
2007012_2737,2007072_2737
2007012_2676,2007072_2676
2007012_2669,2007072_2669
2007011_692,2007071_692
2007011_687,2007071_687
2007011_623,2007071_623
2007011_412,2007071_412
2007011_3080,2007071_3080
2007011_3079,2007071_3079
2007011_3008,2007071_3008
2007011_3006,2007071_3006
2007011_3001,2007071_3001
2007011_2934,2007071_2934
2007011_2929,2007071_2929
2007011_2879,2007071_2879
2007011_2860,2007071_2860
2007011_2857,2007071_2857
2007011_2837,2007071_2837
2007011_2784,2007071_2784
2007011_2778,2007071_2778
2007011_2706,2007071_2706
2007011_266,2007071_266
2007011_2522,2007071_2522
2007011_2232,2007071_2232
2007011_1541,2007071_1541
2007011_1462,2007071_1462
2007011_1116,2007071_1116
2006013_70,2006073_70
2006012_812,2006072_812
2006012_738,2006072_738
2006012_730,2006072_730
2006012_668,2006072_668
2006012_667,2006072_667
2006012_596,2006072_596
2006012_595,2006072_595
2006012_526,2006072_526
2006012_524,2006072_524
2006012_523,2006072_523
2006012_455,2006072_455
2006012_454,2006072_454
2006012_452,2006072_452
2006012_432,2006072_432
2006012_361,2006072_361
2006012_310,2006072_310
2006012_3,2006072_3
2006012_2819,2006072_2819
2006012_2739,2006072_2739
2006012_18,2006072_18
2006011_848,2006071_848
2006011_782,2006071_782
2006011_714,2006071_714
2006011_710,2006071_710
2006011_709,2006071_709
2006011_64,2006071_64
2006011_632,2006071_632
2006011_63,2006071_63
2006011_614,2006071_614
2006011_571,2006071_571
2006011_569,2006071_569
2006011_557,2006071_557
2006011_503,2006071_503
2006011_499,2006071_499
2006011_498,2006071_498
2006011_497,2006071_497
2006011_496,2006071_496
2006011_422,2006071_422
2006011_421,2006071_421
2006011_420,2006071_420
2006011_418,2006071_418
2006011_348,2006071_348
2006011_347,2006071_347
2006011_344,2006071_344
2006011_339,2006071_339
2006011_338,2006071_338
2006011_3191,2006071_3191
2006011_3119,2006071_3119
2006011_2904,2006071_2904
2006011_2882,2006071_2882
2006011_275,2006071_275
2006011_273,2006071_273
2006011_266,2006071_266
2006011_248,2006071_248
2006011_2400,2006071_2400
2006011_142,2006071_142
2005013_9,2005073_9
2005013_76,2005073_76
2005013_70,2005073_70
2005013_67,2005073_67
2005013_63,2005073_63
2005013_62,2005073_62
2005013_61,2005073_61
2005013_60,2005073_60
2005013_56,2005073_56
2005013_55,2005073_55
2005013_54,2005073_54
2005013_49,2005073_49
2005013_48,2005073_48
2005013_44,2005073_44
2005013_42,2005073_42
2005013_39,2005073_39
2005013_36,2005073_36
2005013_30,2005073_30
2005013_3,2005073_3
2005013_28,2005073_28
2005013_27,2005073_27
2005013_26,2005073_26
2005013_25,2005073_25
2005013_24,2005073_24
2005013_21,2005073_21
2005013_20,2005073_20
2005013_16,2005073_16
2005013_15,2005073_15
2005012_718,2005072_718
2005012_717,2005072_717
2005012_524,2005072_524
2005012_523,2005072_523
2005012_503,2005072_503
2005012_502,2005072_502
2005012_500,2005072_500
2005012_359,2005072_359
2005012_3216,2005072_3216
2005012_3146,2005072_3146
2005012_3145,2005072_3145
2005012_3144,2005072_3144
2005012_3137,2005072_3137
2005012_3129,2005072_3129
2005012_3064,2005072_3064
2005012_2991,2005072_2991
2005012_2989,2005072_2989
2005012_2843,2005072_2843
2005012_282,2005072_282
2005012_262,2005072_262
2005012_212,2005072_212
2005012_186,2005072_186
2005012_120,2005072_120
2005011_924,2005071_924
2005011_904,2005071_904
2005011_852,2005071_852
2005011_693,2005071_693
2005011_691,2005071_691
2005011_641,2005071_641
2005011_569,2005071_569
2005011_497,2005071_497
2005011_494,2005071_494
2005011_493,2005071_493
2005011_425,2005071_425
2005011_422,2005071_422
2005011_421,2005071_421
2005011_420,2005071_420
2005011_417,2005071_417
2005011_354,2005071_354
2005011_350,2005071_350
2005011_338,2005071_338
2005011_2925,2005071_2925
2005011_2921,2005071_2921
2005011_2849,2005071_2849
2005011_275,2005071_275
2005011_266,2005071_266
2005011_2317,2005071_2317
2005011_1081,2005071_1081
2004013_70,2004073_70
2004013_64,2004073_64
2004013_63,2004073_63
2004013_62,2004073_62
2004013_58,2004073_58
2004013_57,2004073_57
2004013_56,2004073_56
2004013_53,2004073_53
2004013_52,2004073_52
2004013_51,2004073_51
2004013_50,2004073_50
2004013_49,2004073_49
2004013_48,2004073_48
2004013_46,2004073_46
2004013_45,2004073_45
2004013_44,2004073_44
2004013_43,2004073_43
2004013_42,2004073_42
2004013_40,2004073_40
2004013_38,2004073_38
2004013_32,2004073_32
2004013_31,2004073_31
2004013_26,2004073_26
2004012_574,2004072_574
2004012_506,2004072_506
2004012_502,2004072_502
2004012_433,2004072_433
2004012_3219,2004072_3219
2004012_3192,2004072_3192
2004012_3115,2004072_3115
2004012_3111,2004072_3111
2004012_3067,2004072_3067
2004012_3065,2004072_3065
2004012_3045,2004072_3045
2004012_3043,2004072_3043
2004012_2995,2004072_2995
2004012_2977,2004072_2977
2004012_2970,2004072_2970
2004012_2968,2004072_2968
2004012_2895,2004072_2895
2004012_2848,2004072_2848
2004012_2820,2004072_2820
2004012_2819,2004072_2819
2004012_2818,2004072_2818
2004012_2748,2004072_2748
2004012_2747,2004072_2747
2004012_2746,2004072_2746
2004012_2739,2004072_2739
2004012_2738,2004072_2738
2004012_2676,2004072_2676
2004011_782,2004071_782
2003011_487,2003071_487
2003011_292,2003071_292
2003011_267,2003071_267
2003011_2423,2003071_2423
2003011_197,2003071_197
2003011_1179,2003071_1179
2002013_67,2002073_67
2002012_597,2002072_597
2002012_596,2002072_596
2002012_595,2002072_595
2002012_526,2002072_526
2002012_524,2002072_524
2002012_523,2002072_523
2002012_507,2002072_507
2002012_454,2002072_454
2002012_453,2002072_453
2002012_452,2002072_452
2002012_451,2002072_451
2002012_382,2002072_382
2002012_359,2002072_359
2002012_3219,2002072_3219
2002012_3205,2002072_3205
2002012_3204,2002072_3204
2002012_3189,2002072_3189
2002012_3147,2002072_3147
2002012_3139,2002072_3139
2002012_3075,2002072_3075
2002012_3070,2002072_3070
2002012_3069,2002072_3069
2002012_3068,2002072_3068
2002012_3067,2002072_3067
2002011_852,2002071_852
2002011_719,2002071_719
2002011_692,2002071_692
2002011_643,2002071_643
2002011_623,2002071_623
2002011_557,2002071_557
2002011_499,2002071_499
2002011_421,2002071_421
2002011_3192,2002071_3192
2002011_3072,2002071_3072
2002011_3071,2002071_3071
2002011_3070,2002071_3070
2002011_3069,2002071_3069
2002011_3018,2002071_3018
2002011_3015,2002071_3015
2002011_3007,2002071_3007
2002011_3000,2002071_3000
2002011_2999,2002071_2999
2002011_2998,2002071_2998
2002011_2997,2002071_2997
2002011_2940,2002071_2940
2002011_2936,2002071_2936
2002011_2933,2002071_2933
2002011_2932,2002071_2932
2002011_2930,2002071_2930
2002011_2929,2002071_2929
2002011_2928,2002071_2928
2002011_2927,2002071_2927
2002011_2926,2002071_2926
2002011_2925,2002071_2925
2002011_2921,2002071_2921
2002011_2920,2002071_2920
2002011_2910,2002071_2910
2002011_2861,2002071_2861
2002011_2860,2002071_2860
2002011_2858,2002071_2858
2002011_2857,2002071_2857
2002011_2856,2002071_2856
2002011_2855,2002071_2855
2002011_2854,2002071_2854
2002011_2853,2002071_2853
2002011_2852,2002071_2852
2002011_2851,2002071_2851
2002011_2850,2002071_2850
2002011_2849,2002071_2849
2002011_2848,2002071_2848
2002011_2832,2002071_2832
2002011_2831,2002071_2831
2002011_2830,2002071_2830
2002011_2785,2002071_2785
2002011_2784,2002071_2784
2002011_2783,2002071_2783
2002011_2782,2002071_2782
2002011_2780,2002071_2780
2002011_2779,2002071_2779
2002011_2778,2002071_2778
2002011_2777,2002071_2777
2002011_2776,2002071_2776
2002011_2774,2002071_2774
2002011_2758,2002071_2758
2002011_2706,2002071_2706
2002011_2703,2002071_2703
2002011_2702,2002071_2702
2002011_266,2002071_266
2002011_2614,2002071_2614
2002011_2600,2002071_2600
2002011_2567,2002071_2567
2002011_2428,2002071_2428
2002011_2401,2002071_2401
2002011_2328,2002071_2328
2002011_2310,2002071_2310
2002011_2185,2002071_2185
2002011_1945,2002071_1945
2002011_1619,2002071_1619
2002011_1547,2002071_1547
2002011_1189,2002071_1189
2002011_1177,2002071_1177
2002011_1116,2002071_1116
2001013_74,2001073_74
2001013_18,2001073_18
2001013_16,2001073_16
2001012_90,2001072_90
2001012_9,2001072_9
2001012_872,2001072_872
2001012_870,2001072_870
2001012_83,2001072_83
2001012_803,2001072_803
2001012_802,2001072_802
2001012_801,2001072_801
2001012_800,2001072_800
2001012_731,2001072_731
2001012_728,2001072_728
2001012_727,2001072_727
2001012_726,2001072_726
2001012_667,2001072_667
2001012_649,2001072_649
2001012_597,2001072_597
2001012_596,2001072_596
2001012_587,2001072_587
2001012_586,2001072_586
2001012_585,2001072_585
2001012_58,2001072_58
2001012_57,2001072_57
2001012_54,2001072_54
2001012_53,2001072_53
2001012_526,2001072_526
2001012_524,2001072_524
2001012_523,2001072_523
2001012_518,2001072_518
2001012_517,2001072_517
2001012_516,2001072_516
2001012_515,2001072_515
2001012_512,2001072_512
2001012_507,2001072_507
2001012_506,2001072_506
2001012_46,2001072_46
2001012_455,2001072_455
2001012_454,2001072_454
2001012_451,2001072_451
2001012_449,2001072_449
2001012_446,2001072_446
2001012_432,2001072_432
2001012_383,2001072_383
2001012_382,2001072_382
2001012_381,2001072_381
2001012_378,2001072_378
2001012_377,2001072_377
2001012_376,2001072_376
2001012_375,2001072_375
2001012_369,2001072_369
2001012_349,2001072_349
2001012_347,2001072_347
2001012_339,2001072_339
2001012_337,2001072_337
2001012_333,2001072_333
2001012_309,2001072_309
2001012_300,2001072_300
2001012_29,2001072_29
2001012_277,2001072_277
2001012_275,2001072_275
2001012_2738,2001072_2738
2001012_268,2001072_268
2001012_267,2001072_267
2001012_261,2001072_261
2001012_260,2001072_260
2001012_259,2001072_259
2001012_258,2001072_258
2001012_240,2001072_240
2001012_230,2001072_230
2001012_20,2001072_20
2001012_199,2001072_199
2001012_198,2001072_198
2001012_197,2001072_197
2001012_196,2001072_196
2001012_168,2001072_168
2001012_162,2001072_162
2001012_16,2001072_16
2001012_132,2001072_132
2001012_131,2001072_131
2001012_130,2001072_130
2001012_13,2001072_13
2001012_129,2001072_129
2001012_127,2001072_127
2001012_126,2001072_126
2001012_125,2001072_125
2001012_124,2001072_124
2001012_123,2001072_123
2001012_118,2001072_118
2001012_11,2001072_11
2001011_923,2001071_923
2001011_895,2001071_895
2001011_852,2001071_852
2001011_851,2001071_851
2001011_790,2001071_790
2001011_785,2001071_785
2001011_782,2001071_782
2001011_780,2001071_780
2001011_776,2001071_776
2001011_764,2001071_764
2001011_718,2001071_718
2001011_716,2001071_716
2001011_711,2001071_711
2001011_709,2001071_709
2001011_693,2001071_693
2001011_692,2001071_692
2001011_67,2001071_67
2001011_646,2001071_646
2001011_639,2001071_639
2001011_633,2001071_633
2001011_623,2001071_623
2001011_622,2001071_622
2001011_569,2001071_569
2001011_566,2001071_566
2001011_564,2001071_564
2001011_561,2001071_561
2001011_557,2001071_557
2001011_554,2001071_554
2001011_553,2001071_553
2001011_55,2001071_55
2001011_503,2001071_503
2001011_499,2001071_499
2001011_498,2001071_498
2001011_497,2001071_497
2001011_495,2001071_495
2001011_494,2001071_494
2001011_493,2001071_493
2001011_492,2001071_492
2001011_49,2001071_49
2001011_488,2001071_488
2001011_487,2001071_487
2001011_431,2001071_431
2001011_429,2001071_429
2001011_428,2001071_428
2001011_426,2001071_426
2001011_425,2001071_425
2001011_424,2001071_424
2001011_423,2001071_423
2001011_422,2001071_422
2001011_421,2001071_421
2001011_420,2001071_420
2001011_419,2001071_419
2001011_418,2001071_418
2001011_416,2001071_416
2001011_415,2001071_415
2001011_357,2001071_357
2001011_348,2001071_348
2001011_346,2001071_346
2001011_341,2001071_341
2001011_339,2001071_339
2001011_338,2001071_338
2001011_337,2001071_337
2001011_327,2001071_327
2001011_3224,2001071_3224
2001011_3079,2001071_3079
2001011_3074,2001071_3074
2001011_3069,2001071_3069
2001011_3000,2001071_3000
2001011_2999,2001071_2999
2001011_2998,2001071_2998
2001011_2930,2001071_2930
2001011_2928,2001071_2928
2001011_2927,2001071_2927
2001011_2926,2001071_2926
2001011_2925,2001071_2925
2001011_2856,2001071_2856
2001011_2855,2001071_2855
2001011_2853,2001071_2853
2001011_2849,2001071_2849
2001011_2833,2001071_2833
2001011_2832,2001071_2832
2001011_2780,2001071_2780
2001011_2777,2001071_2777
2001011_2776,2001071_2776
2001011_2761,2001071_2761
2001011_2760,2001071_2760
2001011_270,2001071_270
2001011_266,2001071_266
2001011_2630,2001071_2630
2001011_2616,2001071_2616
2001011_258,2001071_258
2001011_2544,2001071_2544
2001011_2381,2001071_2381
2001011_2379,2001071_2379
2001011_2351,2001071_2351
2001011_204,2001071_204
2001011_194,2001071_194
2001011_1912,2001071_1912
2001011_1911,2001071_1911
2001011_1905,2001071_1905
2001011_179,2001071_179
2001011_1766,2001071_1766
2001011_1695,2001071_1695
2001011_1694,2001071_1694
2001011_1621,2001071_1621
2001011_1619,2001071_1619
2001011_143,2001071_143
2001011_1405,2001071_1405
2001011_133,2001071_133
2001011_132,2001071_132
2001011_130,2001071_130
2001011_127,2001071_127
2001011_1074,2001071_1074
2000013_85,2000073_85
2000013_78,2000073_78
2000013_74,2000073_74
2000013_67,2000073_67
2000013_61,2000073_61
2000013_60,2000073_60
2000013_57,2000073_57
2000013_56,2000073_56
2000013_55,2000073_55
2000013_54,2000073_54
2000013_51,2000073_51
2000013_50,2000073_50
2000013_49,2000073_49
2000013_48,2000073_48
2000013_46,2000073_46
2000013_45,2000073_45
2000013_44,2000073_44
2000013_43,2000073_43
2000013_42,2000073_42
2000013_40,2000073_40
2000013_38,2000073_38
2000013_37,2000073_37
2000013_36,2000073_36
2000013_33,2000073_33
2000013_28,2000073_28
2000013_20,2000073_20
2000012_934,2000072_934
2000012_933,2000072_933
2000012_862,2000072_862
2000012_790,2000072_790
2000012_788,2000072_788
2000012_787,2000072_787
2000012_785,2000072_785
2000012_728,2000072_728
2000012_718,2000072_718
2000012_717,2000072_717
2000012_716,2000072_716
2000012_715,2000072_715
2000012_714,2000072_714
2000012_713,2000072_713
2000012_67,2000072_67
2000012_66,2000072_66
2000012_653,2000072_653
2000012_65,2000072_65
2000012_647,2000072_647
2000012_646,2000072_646
2000012_645,2000072_645
2000012_644,2000072_644
2000012_643,2000072_643
2000012_581,2000072_581
2000012_572,2000072_572
2000012_571,2000072_571
2000012_570,2000072_570
2000012_568,2000072_568
2000012_507,2000072_507
2000012_498,2000072_498
2000012_496,2000072_496
2000012_428,2000072_428
2000012_426,2000072_426
2000012_424,2000072_424
2000012_359,2000072_359
2000012_358,2000072_358
2000012_355,2000072_355
2000012_354,2000072_354
2000012_353,2000072_353
2000012_352,2000072_352
2000012_3180,2000072_3180
2000012_3110,2000072_3110
2000012_3040,2000072_3040
2000012_285,2000072_285
2000012_284,2000072_284
2000012_283,2000072_283
2000012_281,2000072_281
2000012_280,2000072_280
2000012_212,2000072_212
2000012_211,2000072_211
2000012_137,2000072_137
2000012_134,2000072_134
2000012_114,2000072_114
2000012_1006,2000072_1006
2000011_959,2000071_959
2000011_899,2000071_899
2000011_893,2000071_893
2000011_828,2000071_828
2000011_754,2000071_754
2000011_683,2000071_683
2000011_666,2000071_666
2000011_613,2000071_613
2000011_612,2000071_612
2000011_610,2000071_610
2000011_557,2000071_557
2000011_543,2000071_543
2000011_469,2000071_469
2000011_465,2000071_465
2000011_440,2000071_440
2000011_423,2000071_423
2000011_422,2000071_422
2000011_421,2000071_421
2000011_420,2000071_420
2000011_42,2000071_42
2000011_411,2000071_411
2000011_41,2000071_41
2000011_400,2000071_400
2000011_40,2000071_40
2000011_398,2000071_398
2000011_397,2000071_397
2000011_390,2000071_390
2000011_367,2000071_367
2000011_36,2000071_36
2000011_350,2000071_350
2000011_341,2000071_341
2000011_339,2000071_339
2000011_338,2000071_338
2000011_337,2000071_337
2000011_328,2000071_328
2000011_3159,2000071_3159
2000011_3120,2000071_3120
2000011_2958,2000071_2958
2000011_2946,2000071_2946
2000011_2941,2000071_2941
2000011_2870,2000071_2870
2000011_2853,2000071_2853
2000011_2849,2000071_2849
2000011_2777,2000071_2777
2000011_273,2000071_273
2000011_2702,2000071_2702
2000011_270,2000071_270
2000011_2696,2000071_2696
2000011_2688,2000071_2688
2000011_266,2000071_266
2000011_260,2000071_260
2000011_259,2000071_259
2000011_251,2000071_251
2000011_250,2000071_250
2000011_198,2000071_198
2000011_197,2000071_197
2000011_192,2000071_192
2000011_187,2000071_187
2000011_186,2000071_186
2000011_1621,2000071_1621
2000011_1620,2000071_1620
2000011_1407,2000071_1407
2000011_1326,2000071_1326
2000011_127,2000071_127
2000011_126,2000071_126
